customer_id,first_name,email,country,signup_date,age_group
1,Customer_1,customer1@email.com,USA,2023-10-17,26-35
2,Customer_2,customer2@email.com,Germany,2022-04-25,36-45
3,Customer_3,customer3@email.com,Canada,2022-01-26,46-55
4,Customer_4,customer4@email.com,UK,2022-10-09,36-45
5,Customer_5,customer5@email.com,USA,2022-09-08,46-55
6,Customer_6,customer6@email.com,USA,2022-08-17,36-45
7,Customer_7,customer7@email.com,USA,2022-05-23,36-45
8,Customer_8,customer8@email.com,Australia,2022-04-15,46-55
9,Customer_9,customer9@email.com,Canada,2023-11-24,26-35
10,Customer_10,customer10@email.com,Canada,2023-07-13,26-35
11,Customer_11,customer11@email.com,USA,2022-03-31,26-35
12,Customer_12,customer12@email.com,Germany,2023-08-28,56+
13,Customer_13,customer13@email.com,Australia,2023-03-09,56+
14,Customer_14,customer14@email.com,USA,2022-02-02,18-25
15,Customer_15,customer15@email.com,USA,2022-01-31,36-45
16,Customer_16,customer16@email.com,USA,2022-04-06,56+
17,Customer_17,customer17@email.com,USA,2022-08-12,26-35
18,Customer_18,customer18@email.com,UK,2022-08-27,36-45
19,Customer_19,customer19@email.com,UK,2023-06-02,56+
20,Customer_20,customer20@email.com,USA,2023-09-09,18-25
21,Customer_21,customer21@email.com,Canada,2022-01-28,36-45
22,Customer_22,customer22@email.com,USA,2023-07-29,26-35
23,Customer_23,customer23@email.com,USA,2022-07-23,56+
24,Customer_24,customer24@email.com,USA,2023-10-28,56+
25,Customer_25,customer25@email.com,UK,2023-12-20,56+
26,Customer_26,customer26@email.com,Australia,2023-07-13,26-35
27,Customer_27,customer27@email.com,USA,2023-03-06,46-55
28,Customer_28,customer28@email.com,UK,2022-08-14,46-55
29,Customer_29,customer29@email.com,UK,2023-04-05,26-35
30,Customer_30,customer30@email.com,USA,2023-08-27,46-55
31,Customer_31,customer31@email.com,Canada,2022-10-12,18-25
32,Customer_32,customer32@email.com,USA,2022-01-07,36-45
33,Customer_33,customer33@email.com,USA,2022-06-13,26-35
34,Customer_34,customer34@email.com,Germany,2023-12-16,18-25
35,Customer_35,customer35@email.com,Germany,2023-03-09,18-25
36,Customer_36,customer36@email.com,Australia,2022-12-15,36-45
37,Customer_37,customer37@email.com,USA,2022-10-12,26-35
38,Customer_38,customer38@email.com,USA,2022-06-09,36-45
39,Customer_39,customer39@email.com,Canada,2022-08-09,18-25
40,Customer_40,customer40@email.com,UK,2022-12-11,26-35
41,Customer_41,customer41@email.com,USA,2022-04-15,36-45
42,Customer_42,customer42@email.com,UK,2022-04-05,46-55
43,Customer_43,customer43@email.com,USA,2023-01-25,26-35
44,Customer_44,customer44@email.com,Germany,2022-04-10,36-45
45,Customer_45,customer45@email.com,USA,2023-01-03,46-55
46,Customer_46,customer46@email.com,Canada,2022-12-19,36-45
47,Customer_47,customer47@email.com,USA,2023-09-11,26-35
48,Customer_48,customer48@email.com,UK,2022-09-28,18-25
49,Customer_49,customer49@email.com,UK,2022-02-14,46-55
50,Customer_50,customer50@email.com,USA,2023-04-16,18-25
51,Customer_51,customer51@email.com,Germany,2023-07-04,46-55
52,Customer_52,customer52@email.com,Australia,2022-05-08,36-45
53,Customer_53,customer53@email.com,Germany,2023-01-23,56+
54,Customer_54,customer54@email.com,Australia,2022-03-22,46-55
55,Customer_55,customer55@email.com,UK,2023-07-20,56+
56,Customer_56,customer56@email.com,Germany,2022-10-28,26-35
57,Customer_57,customer57@email.com,USA,2023-10-06,46-55
58,Customer_58,customer58@email.com,USA,2023-09-26,26-35
59,Customer_59,customer59@email.com,USA,2023-01-06,26-35
60,Customer_60,customer60@email.com,USA,2023-08-15,36-45
61,Customer_61,customer61@email.com,USA,2022-07-16,46-55
62,Customer_62,customer62@email.com,USA,2023-12-23,56+
63,Customer_63,customer63@email.com,Australia,2022-03-13,46-55
64,Customer_64,customer64@email.com,USA,2022-02-16,26-35
65,Customer_65,customer65@email.com,USA,2023-11-09,26-35
66,Customer_66,customer66@email.com,UK,2022-08-22,36-45
67,Customer_67,customer67@email.com,USA,2022-10-24,26-35
68,Customer_68,customer68@email.com,Australia,2022-03-23,18-25
69,Customer_69,customer69@email.com,USA,2022-08-27,26-35
70,Customer_70,customer70@email.com,Germany,2022-04-14,26-35
71,Customer_71,customer71@email.com,Australia,2023-01-25,26-35
72,Customer_72,customer72@email.com,USA,2022-10-12,26-35
73,Customer_73,customer73@email.com,USA,2023-04-10,18-25
74,Customer_74,customer74@email.com,Australia,2023-10-13,18-25
75,Customer_75,customer75@email.com,Canada,2023-01-09,56+
76,Customer_76,customer76@email.com,Canada,2022-06-16,26-35
77,Customer_77,customer77@email.com,Australia,2023-01-15,26-35
78,Customer_78,customer78@email.com,USA,2022-12-30,36-45
79,Customer_79,customer79@email.com,USA,2022-08-03,26-35
80,Customer_80,customer80@email.com,USA,2023-11-18,56+
81,Customer_81,customer81@email.com,Australia,2022-10-01,46-55
82,Customer_82,customer82@email.com,Canada,2023-12-20,18-25
83,Customer_83,customer83@email.com,USA,2023-12-01,26-35
84,Customer_84,customer84@email.com,USA,2023-10-26,46-55
85,Customer_85,customer85@email.com,USA,2022-03-15,56+
86,Customer_86,customer86@email.com,USA,2023-09-16,26-35
87,Customer_87,customer87@email.com,Canada,2023-10-13,36-45
88,Customer_88,customer88@email.com,Canada,2022-06-25,26-35
89,Customer_89,customer89@email.com,Australia,2023-07-01,56+
90,Customer_90,customer90@email.com,UK,2022-09-08,26-35
91,Customer_91,customer91@email.com,USA,2022-06-17,56+
92,Customer_92,customer92@email.com,Canada,2023-04-19,36-45
93,Customer_93,customer93@email.com,Australia,2023-01-24,36-45
94,Customer_94,customer94@email.com,UK,2022-10-04,36-45
95,Customer_95,customer95@email.com,Australia,2023-10-18,26-35
96,Customer_96,customer96@email.com,UK,2023-12-06,26-35
97,Customer_97,customer97@email.com,UK,2023-07-25,26-35
98,Customer_98,customer98@email.com,UK,2022-08-13,26-35
99,Customer_99,customer99@email.com,USA,2023-12-03,46-55
100,Customer_100,customer100@email.com,USA,2022-11-29,26-35
101,Customer_101,customer101@email.com,USA,2022-02-27,18-25
102,Customer_102,customer102@email.com,Canada,2022-08-23,56+
103,Customer_103,customer103@email.com,USA,2022-02-02,46-55
104,Customer_104,customer104@email.com,UK,2022-11-20,56+
105,Customer_105,customer105@email.com,Germany,2023-02-15,56+
106,Customer_106,customer106@email.com,USA,2022-10-02,26-35
107,Customer_107,customer107@email.com,UK,2022-03-09,26-35
108,Customer_108,customer108@email.com,Australia,2022-08-05,46-55
109,Customer_109,customer109@email.com,USA,2023-08-04,36-45
110,Customer_110,customer110@email.com,USA,2022-11-19,26-35
111,Customer_111,customer111@email.com,USA,2022-08-06,46-55
112,Customer_112,customer112@email.com,USA,2023-11-03,26-35
113,Customer_113,customer113@email.com,Germany,2023-05-27,26-35
114,Customer_114,customer114@email.com,Australia,2023-02-10,36-45
115,Customer_115,customer115@email.com,Canada,2023-10-21,36-45
116,Customer_116,customer116@email.com,Australia,2023-04-15,36-45
117,Customer_117,customer117@email.com,Australia,2022-05-27,18-25
118,Customer_118,customer118@email.com,USA,2022-09-29,46-55
119,Customer_119,customer119@email.com,Australia,2022-05-23,26-35
120,Customer_120,customer120@email.com,UK,2022-09-10,18-25
121,Customer_121,customer121@email.com,Australia,2023-07-29,46-55
122,Customer_122,customer122@email.com,Australia,2023-07-06,56+
123,Customer_123,customer123@email.com,USA,2022-09-27,46-55
124,Customer_124,customer124@email.com,USA,2023-08-22,46-55
125,Customer_125,customer125@email.com,USA,2023-03-15,36-45
126,Customer_126,customer126@email.com,UK,2023-08-21,36-45
127,Customer_127,customer127@email.com,Australia,2023-02-13,18-25
128,Customer_128,customer128@email.com,Australia,2023-01-06,26-35
129,Customer_129,customer129@email.com,USA,2022-08-13,26-35
130,Customer_130,customer130@email.com,UK,2022-05-22,26-35
131,Customer_131,customer131@email.com,UK,2023-06-06,36-45
132,Customer_132,customer132@email.com,USA,2023-05-21,26-35
133,Customer_133,customer133@email.com,USA,2022-04-04,18-25
134,Customer_134,customer134@email.com,USA,2022-02-18,26-35
135,Customer_135,customer135@email.com,Germany,2022-04-23,36-45
136,Customer_136,customer136@email.com,USA,2022-06-06,18-25
137,Customer_137,customer137@email.com,UK,2023-10-05,46-55
138,Customer_138,customer138@email.com,Canada,2022-06-13,26-35
139,Customer_139,customer139@email.com,USA,2023-11-28,26-35
140,Customer_140,customer140@email.com,Germany,2023-03-09,36-45
141,Customer_141,customer141@email.com,Germany,2023-09-03,46-55
142,Customer_142,customer142@email.com,USA,2022-03-07,26-35
143,Customer_143,customer143@email.com,UK,2023-01-30,36-45
144,Customer_144,customer144@email.com,USA,2023-01-26,36-45
145,Customer_145,customer145@email.com,USA,2023-09-03,26-35
146,Customer_146,customer146@email.com,USA,2023-04-25,46-55
147,Customer_147,customer147@email.com,Canada,2023-06-26,46-55
148,Customer_148,customer148@email.com,UK,2022-09-15,36-45
149,Customer_149,customer149@email.com,USA,2023-07-21,46-55
150,Customer_150,customer150@email.com,USA,2022-01-12,46-55
151,Customer_151,customer151@email.com,Germany,2023-11-28,36-45
152,Customer_152,customer152@email.com,USA,2022-04-28,46-55
153,Customer_153,customer153@email.com,USA,2023-11-30,36-45
154,Customer_154,customer154@email.com,UK,2023-07-04,36-45
155,Customer_155,customer155@email.com,Germany,2022-10-01,36-45
156,Customer_156,customer156@email.com,USA,2023-10-19,46-55
157,Customer_157,customer157@email.com,Canada,2022-12-15,26-35
158,Customer_158,customer158@email.com,Australia,2022-04-25,46-55
159,Customer_159,customer159@email.com,USA,2022-10-28,46-55
160,Customer_160,customer160@email.com,Canada,2023-03-22,18-25
161,Customer_161,customer161@email.com,USA,2022-06-11,46-55
162,Customer_162,customer162@email.com,Canada,2023-04-10,18-25
163,Customer_163,customer163@email.com,Canada,2022-01-04,26-35
164,Customer_164,customer164@email.com,UK,2022-09-27,36-45
165,Customer_165,customer165@email.com,USA,2023-05-28,26-35
166,Customer_166,customer166@email.com,Australia,2022-07-02,46-55
167,Customer_167,customer167@email.com,USA,2023-06-04,46-55
168,Customer_168,customer168@email.com,USA,2022-04-19,36-45
169,Customer_169,customer169@email.com,USA,2023-10-03,18-25
170,Customer_170,customer170@email.com,UK,2022-11-02,26-35
171,Customer_171,customer171@email.com,Canada,2023-10-17,36-45
172,Customer_172,customer172@email.com,USA,2023-06-04,56+
173,Customer_173,customer173@email.com,UK,2023-09-16,36-45
174,Customer_174,customer174@email.com,USA,2022-07-23,26-35
175,Customer_175,customer175@email.com,Canada,2022-06-06,36-45
176,Customer_176,customer176@email.com,USA,2023-01-18,36-45
177,Customer_177,customer177@email.com,Canada,2022-06-15,46-55
178,Customer_178,customer178@email.com,USA,2023-07-07,18-25
179,Customer_179,customer179@email.com,Germany,2023-06-28,46-55
180,Customer_180,customer180@email.com,USA,2022-01-01,36-45
181,Customer_181,customer181@email.com,USA,2023-09-06,56+
182,Customer_182,customer182@email.com,USA,2022-11-28,26-35
183,Customer_183,customer183@email.com,Germany,2023-05-16,36-45
184,Customer_184,customer184@email.com,Australia,2022-01-20,56+
185,Customer_185,customer185@email.com,USA,2022-04-25,18-25
186,Customer_186,customer186@email.com,Canada,2023-01-07,56+
187,Customer_187,customer187@email.com,Australia,2022-11-11,36-45
188,Customer_188,customer188@email.com,UK,2022-09-03,18-25
189,Customer_189,customer189@email.com,UK,2022-03-01,26-35
190,Customer_190,customer190@email.com,USA,2022-09-04,36-45
191,Customer_191,customer191@email.com,USA,2023-08-04,18-25
192,Customer_192,customer192@email.com,Australia,2022-03-22,36-45
193,Customer_193,customer193@email.com,Germany,2022-03-29,26-35
194,Customer_194,customer194@email.com,Canada,2023-05-13,36-45
195,Customer_195,customer195@email.com,USA,2022-03-12,18-25
196,Customer_196,customer196@email.com,USA,2023-06-30,46-55
197,Customer_197,customer197@email.com,Canada,2022-05-09,56+
198,Customer_198,customer198@email.com,Australia,2022-05-12,56+
199,Customer_199,customer199@email.com,Australia,2023-11-07,36-45
200,Customer_200,customer200@email.com,Australia,2023-05-02,18-25
201,Customer_201,customer201@email.com,Canada,2023-07-17,46-55
202,Customer_202,customer202@email.com,USA,2022-06-19,18-25
203,Customer_203,customer203@email.com,USA,2022-09-29,18-25
204,Customer_204,customer204@email.com,Australia,2023-06-25,26-35
205,Customer_205,customer205@email.com,Canada,2023-09-14,26-35
206,Customer_206,customer206@email.com,USA,2023-03-10,46-55
207,Customer_207,customer207@email.com,USA,2022-08-05,36-45
208,Customer_208,customer208@email.com,Canada,2023-07-07,26-35
209,Customer_209,customer209@email.com,USA,2023-12-08,26-35
210,Customer_210,customer210@email.com,USA,2022-07-25,56+
211,Customer_211,customer211@email.com,UK,2024-01-01,26-35
212,Customer_212,customer212@email.com,Canada,2022-11-16,26-35
213,Customer_213,customer213@email.com,Canada,2023-02-13,26-35
214,Customer_214,customer214@email.com,USA,2023-11-19,46-55
215,Customer_215,customer215@email.com,Canada,2023-10-28,36-45
216,Customer_216,customer216@email.com,USA,2023-01-18,26-35
217,Customer_217,customer217@email.com,USA,2023-03-25,18-25
218,Customer_218,customer218@email.com,Canada,2023-06-14,36-45
219,Customer_219,customer219@email.com,Canada,2023-04-08,36-45
220,Customer_220,customer220@email.com,Australia,2022-05-04,26-35
221,Customer_221,customer221@email.com,Canada,2022-09-11,56+
222,Customer_222,customer222@email.com,UK,2022-08-19,26-35
223,Customer_223,customer223@email.com,USA,2022-03-07,26-35
224,Customer_224,customer224@email.com,USA,2022-12-13,56+
225,Customer_225,customer225@email.com,USA,2022-01-22,26-35
226,Customer_226,customer226@email.com,USA,2023-08-26,36-45
227,Customer_227,customer227@email.com,Germany,2023-07-22,26-35
228,Customer_228,customer228@email.com,USA,2022-08-24,26-35
229,Customer_229,customer229@email.com,Australia,2023-08-26,56+
230,Customer_230,customer230@email.com,Canada,2022-08-14,26-35
231,Customer_231,customer231@email.com,Australia,2022-01-08,46-55
232,Customer_232,customer232@email.com,UK,2022-03-14,26-35
233,Customer_233,customer233@email.com,UK,2023-12-26,26-35
234,Customer_234,customer234@email.com,UK,2023-10-09,18-25
235,Customer_235,customer235@email.com,USA,2022-03-02,36-45
236,Customer_236,customer236@email.com,Canada,2022-08-23,26-35
237,Customer_237,customer237@email.com,USA,2022-03-11,46-55
238,Customer_238,customer238@email.com,USA,2022-02-02,26-35
239,Customer_239,customer239@email.com,Canada,2022-12-05,56+
240,Customer_240,customer240@email.com,USA,2022-03-14,26-35
241,Customer_241,customer241@email.com,Germany,2023-06-11,46-55
242,Customer_242,customer242@email.com,Germany,2022-09-01,46-55
243,Customer_243,customer243@email.com,Germany,2022-10-13,46-55
244,Customer_244,customer244@email.com,USA,2023-11-17,46-55
245,Customer_245,customer245@email.com,USA,2023-05-13,46-55
246,Customer_246,customer246@email.com,Germany,2022-08-08,36-45
247,Customer_247,customer247@email.com,UK,2023-07-07,18-25
248,Customer_248,customer248@email.com,Germany,2022-05-16,18-25
249,Customer_249,customer249@email.com,Germany,2023-08-08,56+
250,Customer_250,customer250@email.com,Australia,2023-08-14,36-45
251,Customer_251,customer251@email.com,USA,2023-04-30,46-55
252,Customer_252,customer252@email.com,USA,2022-09-06,26-35
253,Customer_253,customer253@email.com,Australia,2023-04-30,18-25
254,Customer_254,customer254@email.com,USA,2023-02-21,18-25
255,Customer_255,customer255@email.com,USA,2022-07-14,36-45
256,Customer_256,customer256@email.com,UK,2022-04-07,26-35
257,Customer_257,customer257@email.com,Germany,2022-04-10,26-35
258,Customer_258,customer258@email.com,Canada,2023-11-06,26-35
259,Customer_259,customer259@email.com,UK,2023-03-18,18-25
260,Customer_260,customer260@email.com,USA,2022-12-29,36-45
261,Customer_261,customer261@email.com,Canada,2023-03-10,26-35
262,Customer_262,customer262@email.com,Germany,2023-02-25,46-55
263,Customer_263,customer263@email.com,USA,2023-04-24,26-35
264,Customer_264,customer264@email.com,UK,2022-02-25,26-35
265,Customer_265,customer265@email.com,Australia,2023-11-21,18-25
266,Customer_266,customer266@email.com,Canada,2023-11-01,18-25
267,Customer_267,customer267@email.com,Canada,2023-10-24,26-35
268,Customer_268,customer268@email.com,Canada,2022-04-11,26-35
269,Customer_269,customer269@email.com,USA,2022-03-04,36-45
270,Customer_270,customer270@email.com,USA,2023-02-17,26-35
271,Customer_271,customer271@email.com,Australia,2022-12-14,36-45
272,Customer_272,customer272@email.com,Australia,2022-04-22,46-55
273,Customer_273,customer273@email.com,Australia,2022-09-12,46-55
274,Customer_274,customer274@email.com,Germany,2022-07-16,18-25
275,Customer_275,customer275@email.com,UK,2022-07-14,26-35
276,Customer_276,customer276@email.com,UK,2023-07-04,18-25
277,Customer_277,customer277@email.com,Australia,2023-04-05,26-35
278,Customer_278,customer278@email.com,Canada,2022-05-24,56+
279,Customer_279,customer279@email.com,Canada,2023-03-09,18-25
280,Customer_280,customer280@email.com,Australia,2022-07-07,26-35
281,Customer_281,customer281@email.com,Australia,2022-10-13,36-45
282,Customer_282,customer282@email.com,USA,2023-04-19,36-45
283,Customer_283,customer283@email.com,USA,2022-09-13,36-45
284,Customer_284,customer284@email.com,USA,2022-03-19,18-25
285,Customer_285,customer285@email.com,UK,2023-03-30,26-35
286,Customer_286,customer286@email.com,USA,2023-07-18,36-45
287,Customer_287,customer287@email.com,UK,2022-04-11,18-25
288,Customer_288,customer288@email.com,UK,2022-02-21,26-35
289,Customer_289,customer289@email.com,USA,2023-10-30,18-25
290,Customer_290,customer290@email.com,UK,2023-07-08,18-25
291,Customer_291,customer291@email.com,USA,2022-01-16,26-35
292,Customer_292,customer292@email.com,USA,2022-04-06,18-25
293,Customer_293,customer293@email.com,Australia,2022-08-31,36-45
294,Customer_294,customer294@email.com,USA,2022-06-20,36-45
295,Customer_295,customer295@email.com,USA,2023-02-21,46-55
296,Customer_296,customer296@email.com,UK,2023-05-13,26-35
297,Customer_297,customer297@email.com,Australia,2023-05-08,26-35
298,Customer_298,customer298@email.com,USA,2022-08-07,18-25
299,Customer_299,customer299@email.com,Canada,2023-02-15,36-45
300,Customer_300,customer300@email.com,USA,2022-03-02,36-45
301,Customer_301,customer301@email.com,USA,2022-06-18,18-25
302,Customer_302,customer302@email.com,UK,2023-01-24,56+
303,Customer_303,customer303@email.com,UK,2022-01-03,18-25
304,Customer_304,customer304@email.com,Canada,2023-02-04,36-45
305,Customer_305,customer305@email.com,Canada,2022-09-29,36-45
306,Customer_306,customer306@email.com,Germany,2023-04-11,46-55
307,Customer_307,customer307@email.com,UK,2022-10-20,36-45
308,Customer_308,customer308@email.com,USA,2023-03-10,46-55
309,Customer_309,customer309@email.com,Australia,2023-12-15,26-35
310,Customer_310,customer310@email.com,USA,2023-07-24,46-55
311,Customer_311,customer311@email.com,UK,2023-11-09,18-25
312,Customer_312,customer312@email.com,USA,2023-05-14,46-55
313,Customer_313,customer313@email.com,USA,2022-06-08,36-45
314,Customer_314,customer314@email.com,Germany,2022-07-14,46-55
315,Customer_315,customer315@email.com,Australia,2022-10-31,26-35
316,Customer_316,customer316@email.com,Canada,2022-08-11,36-45
317,Customer_317,customer317@email.com,UK,2022-03-01,36-45
318,Customer_318,customer318@email.com,USA,2023-08-17,36-45
319,Customer_319,customer319@email.com,USA,2023-07-10,18-25
320,Customer_320,customer320@email.com,USA,2022-03-04,18-25
321,Customer_321,customer321@email.com,UK,2022-11-18,26-35
322,Customer_322,customer322@email.com,Canada,2022-02-28,26-35
323,Customer_323,customer323@email.com,Canada,2022-02-21,46-55
324,Customer_324,customer324@email.com,USA,2023-08-22,26-35
325,Customer_325,customer325@email.com,Germany,2023-05-04,56+
326,Customer_326,customer326@email.com,Canada,2023-05-30,26-35
327,Customer_327,customer327@email.com,UK,2023-06-28,26-35
328,Customer_328,customer328@email.com,Canada,2022-06-11,46-55
329,Customer_329,customer329@email.com,UK,2022-02-28,36-45
330,Customer_330,customer330@email.com,USA,2023-06-05,26-35
331,Customer_331,customer331@email.com,USA,2022-03-24,36-45
332,Customer_332,customer332@email.com,Australia,2022-07-10,36-45
333,Customer_333,customer333@email.com,USA,2022-03-12,26-35
334,Customer_334,customer334@email.com,USA,2023-09-02,56+
335,Customer_335,customer335@email.com,USA,2022-03-11,56+
336,Customer_336,customer336@email.com,USA,2023-11-23,36-45
337,Customer_337,customer337@email.com,Australia,2022-08-29,26-35
338,Customer_338,customer338@email.com,Canada,2023-02-18,36-45
339,Customer_339,customer339@email.com,UK,2022-05-03,18-25
340,Customer_340,customer340@email.com,USA,2023-08-07,18-25
341,Customer_341,customer341@email.com,UK,2022-09-10,26-35
342,Customer_342,customer342@email.com,UK,2023-08-16,26-35
343,Customer_343,customer343@email.com,USA,2023-09-01,46-55
344,Customer_344,customer344@email.com,UK,2022-02-10,36-45
345,Customer_345,customer345@email.com,USA,2023-09-27,36-45
346,Customer_346,customer346@email.com,Canada,2022-03-25,26-35
347,Customer_347,customer347@email.com,Canada,2023-03-06,26-35
348,Customer_348,customer348@email.com,USA,2023-11-05,26-35
349,Customer_349,customer349@email.com,USA,2023-08-21,56+
350,Customer_350,customer350@email.com,Canada,2023-08-02,18-25
351,Customer_351,customer351@email.com,UK,2023-06-20,46-55
352,Customer_352,customer352@email.com,Australia,2022-11-20,36-45
353,Customer_353,customer353@email.com,Canada,2022-09-25,26-35
354,Customer_354,customer354@email.com,USA,2022-07-29,36-45
355,Customer_355,customer355@email.com,USA,2023-11-17,26-35
356,Customer_356,customer356@email.com,Canada,2022-11-18,46-55
357,Customer_357,customer357@email.com,USA,2022-09-02,56+
358,Customer_358,customer358@email.com,UK,2022-09-29,26-35
359,Customer_359,customer359@email.com,Germany,2023-02-10,26-35
360,Customer_360,customer360@email.com,UK,2022-05-15,36-45
361,Customer_361,customer361@email.com,USA,2023-11-19,56+
362,Customer_362,customer362@email.com,Canada,2023-10-23,26-35
363,Customer_363,customer363@email.com,UK,2022-11-04,36-45
364,Customer_364,customer364@email.com,UK,2023-04-14,36-45
365,Customer_365,customer365@email.com,Germany,2022-11-20,36-45
366,Customer_366,customer366@email.com,USA,2022-03-16,18-25
367,Customer_367,customer367@email.com,Germany,2022-01-10,36-45
368,Customer_368,customer368@email.com,Germany,2023-04-15,56+
369,Customer_369,customer369@email.com,USA,2023-09-29,26-35
370,Customer_370,customer370@email.com,USA,2023-07-31,26-35
371,Customer_371,customer371@email.com,USA,2022-04-13,56+
372,Customer_372,customer372@email.com,USA,2022-03-17,26-35
373,Customer_373,customer373@email.com,USA,2023-07-05,46-55
374,Customer_374,customer374@email.com,Canada,2022-08-07,26-35
375,Customer_375,customer375@email.com,USA,2023-06-03,26-35
376,Customer_376,customer376@email.com,USA,2022-09-29,46-55
377,Customer_377,customer377@email.com,Australia,2022-05-16,26-35
378,Customer_378,customer378@email.com,USA,2022-12-24,36-45
379,Customer_379,customer379@email.com,Australia,2022-03-12,26-35
380,Customer_380,customer380@email.com,USA,2022-09-08,36-45
381,Customer_381,customer381@email.com,USA,2023-01-14,26-35
382,Customer_382,customer382@email.com,Canada,2022-10-19,26-35
383,Customer_383,customer383@email.com,Canada,2022-06-11,56+
384,Customer_384,customer384@email.com,Australia,2023-03-25,26-35
385,Customer_385,customer385@email.com,Canada,2023-07-11,36-45
386,Customer_386,customer386@email.com,Australia,2023-12-22,26-35
387,Customer_387,customer387@email.com,USA,2022-11-06,46-55
388,Customer_388,customer388@email.com,USA,2023-09-19,18-25
389,Customer_389,customer389@email.com,Australia,2023-11-01,56+
390,Customer_390,customer390@email.com,Australia,2023-06-26,26-35
391,Customer_391,customer391@email.com,Germany,2022-01-09,26-35
392,Customer_392,customer392@email.com,UK,2023-11-15,18-25
393,Customer_393,customer393@email.com,USA,2023-07-22,26-35
394,Customer_394,customer394@email.com,Australia,2022-11-03,36-45
395,Customer_395,customer395@email.com,USA,2023-11-11,26-35
396,Customer_396,customer396@email.com,Germany,2022-04-17,46-55
397,Customer_397,customer397@email.com,Australia,2022-05-18,26-35
398,Customer_398,customer398@email.com,UK,2022-09-28,26-35
399,Customer_399,customer399@email.com,Australia,2022-04-29,36-45
400,Customer_400,customer400@email.com,Australia,2022-04-20,36-45
401,Customer_401,customer401@email.com,USA,2023-07-21,26-35
402,Customer_402,customer402@email.com,Germany,2022-06-09,26-35
403,Customer_403,customer403@email.com,UK,2022-10-06,18-25
404,Customer_404,customer404@email.com,Australia,2022-10-16,36-45
405,Customer_405,customer405@email.com,USA,2023-09-12,36-45
406,Customer_406,customer406@email.com,Australia,2022-08-04,26-35
407,Customer_407,customer407@email.com,USA,2022-12-18,46-55
408,Customer_408,customer408@email.com,USA,2022-07-28,46-55
409,Customer_409,customer409@email.com,Germany,2023-12-05,36-45
410,Customer_410,customer410@email.com,USA,2023-10-12,46-55
411,Customer_411,customer411@email.com,USA,2022-09-28,26-35
412,Customer_412,customer412@email.com,Germany,2023-06-02,18-25
413,Customer_413,customer413@email.com,Germany,2023-05-16,26-35
414,Customer_414,customer414@email.com,UK,2022-09-15,18-25
415,Customer_415,customer415@email.com,Canada,2022-02-22,36-45
416,Customer_416,customer416@email.com,UK,2022-04-05,56+
417,Customer_417,customer417@email.com,USA,2023-10-12,18-25
418,Customer_418,customer418@email.com,USA,2023-03-10,18-25
419,Customer_419,customer419@email.com,Canada,2022-10-11,26-35
420,Customer_420,customer420@email.com,Australia,2022-02-15,56+
421,Customer_421,customer421@email.com,Australia,2022-01-04,26-35
422,Customer_422,customer422@email.com,Australia,2022-12-08,36-45
423,Customer_423,customer423@email.com,USA,2022-05-14,18-25
424,Customer_424,customer424@email.com,UK,2023-10-15,18-25
425,Customer_425,customer425@email.com,USA,2022-09-26,56+
426,Customer_426,customer426@email.com,UK,2022-06-15,56+
427,Customer_427,customer427@email.com,UK,2023-03-29,18-25
428,Customer_428,customer428@email.com,Australia,2023-07-19,56+
429,Customer_429,customer429@email.com,USA,2023-12-24,36-45
430,Customer_430,customer430@email.com,USA,2023-03-14,46-55
431,Customer_431,customer431@email.com,USA,2023-07-29,26-35
432,Customer_432,customer432@email.com,Australia,2022-01-10,36-45
433,Customer_433,customer433@email.com,Canada,2022-04-25,26-35
434,Customer_434,customer434@email.com,USA,2022-03-19,36-45
435,Customer_435,customer435@email.com,USA,2023-12-09,18-25
436,Customer_436,customer436@email.com,Canada,2022-06-02,18-25
437,Customer_437,customer437@email.com,USA,2023-07-13,26-35
438,Customer_438,customer438@email.com,Australia,2022-02-06,36-45
439,Customer_439,customer439@email.com,Canada,2023-01-14,26-35
440,Customer_440,customer440@email.com,USA,2023-08-20,36-45
441,Customer_441,customer441@email.com,USA,2023-07-20,56+
442,Customer_442,customer442@email.com,Germany,2022-06-01,18-25
443,Customer_443,customer443@email.com,USA,2023-03-17,36-45
444,Customer_444,customer444@email.com,USA,2022-05-11,26-35
445,Customer_445,customer445@email.com,Australia,2022-02-12,46-55
446,Customer_446,customer446@email.com,Germany,2022-11-12,26-35
447,Customer_447,customer447@email.com,Germany,2023-01-09,36-45
448,Customer_448,customer448@email.com,Australia,2022-02-10,46-55
449,Customer_449,customer449@email.com,USA,2023-01-02,56+
450,Customer_450,customer450@email.com,USA,2022-08-04,36-45
451,Customer_451,customer451@email.com,Australia,2023-11-30,26-35
452,Customer_452,customer452@email.com,UK,2022-09-13,36-45
453,Customer_453,customer453@email.com,UK,2023-11-14,46-55
454,Customer_454,customer454@email.com,Germany,2022-04-16,36-45
455,Customer_455,customer455@email.com,USA,2022-12-29,18-25
456,Customer_456,customer456@email.com,UK,2023-07-28,56+
457,Customer_457,customer457@email.com,USA,2023-02-21,36-45
458,Customer_458,customer458@email.com,UK,2023-09-28,36-45
459,Customer_459,customer459@email.com,USA,2022-06-08,26-35
460,Customer_460,customer460@email.com,USA,2022-08-31,36-45
461,Customer_461,customer461@email.com,USA,2022-06-16,26-35
462,Customer_462,customer462@email.com,Canada,2022-07-01,36-45
463,Customer_463,customer463@email.com,Canada,2023-02-27,18-25
464,Customer_464,customer464@email.com,UK,2022-01-26,36-45
465,Customer_465,customer465@email.com,Germany,2022-07-03,56+
466,Customer_466,customer466@email.com,USA,2022-12-07,18-25
467,Customer_467,customer467@email.com,USA,2023-02-26,56+
468,Customer_468,customer468@email.com,Australia,2023-11-17,26-35
469,Customer_469,customer469@email.com,USA,2022-09-12,46-55
470,Customer_470,customer470@email.com,Germany,2022-10-01,46-55
471,Customer_471,customer471@email.com,USA,2022-06-13,36-45
472,Customer_472,customer472@email.com,Germany,2023-12-20,36-45
473,Customer_473,customer473@email.com,USA,2022-04-21,46-55
474,Customer_474,customer474@email.com,Australia,2023-01-27,26-35
475,Customer_475,customer475@email.com,UK,2022-02-09,26-35
476,Customer_476,customer476@email.com,Germany,2023-04-27,36-45
477,Customer_477,customer477@email.com,USA,2022-08-16,46-55
478,Customer_478,customer478@email.com,UK,2022-07-24,46-55
479,Customer_479,customer479@email.com,Germany,2023-04-17,46-55
480,Customer_480,customer480@email.com,UK,2022-12-25,26-35
481,Customer_481,customer481@email.com,Canada,2022-11-09,46-55
482,Customer_482,customer482@email.com,Canada,2022-08-22,18-25
483,Customer_483,customer483@email.com,UK,2022-08-17,36-45
484,Customer_484,customer484@email.com,Canada,2022-01-25,18-25
485,Customer_485,customer485@email.com,UK,2023-11-07,26-35
486,Customer_486,customer486@email.com,Germany,2022-07-17,26-35
487,Customer_487,customer487@email.com,USA,2023-02-13,26-35
488,Customer_488,customer488@email.com,USA,2022-12-03,36-45
489,Customer_489,customer489@email.com,Germany,2022-10-13,26-35
490,Customer_490,customer490@email.com,Australia,2022-03-13,26-35
491,Customer_491,customer491@email.com,UK,2022-10-13,26-35
492,Customer_492,customer492@email.com,Canada,2022-12-26,26-35
493,Customer_493,customer493@email.com,USA,2023-10-19,26-35
494,Customer_494,customer494@email.com,USA,2023-06-06,18-25
495,Customer_495,customer495@email.com,UK,2023-02-14,36-45
496,Customer_496,customer496@email.com,USA,2023-11-27,36-45
497,Customer_497,customer497@email.com,UK,2023-07-04,36-45
498,Customer_498,customer498@email.com,USA,2022-12-06,26-35
499,Customer_499,customer499@email.com,Germany,2022-01-29,26-35
500,Customer_500,customer500@email.com,Germany,2022-04-29,46-55
501,Customer_501,customer501@email.com,Canada,2022-09-25,36-45
502,Customer_502,customer502@email.com,UK,2022-07-02,26-35
503,Customer_503,customer503@email.com,USA,2023-08-18,18-25
504,Customer_504,customer504@email.com,Australia,2022-09-29,26-35
505,Customer_505,customer505@email.com,Canada,2022-02-09,26-35
506,Customer_506,customer506@email.com,USA,2022-04-22,26-35
507,Customer_507,customer507@email.com,Germany,2023-09-03,36-45
508,Customer_508,customer508@email.com,Australia,2023-03-21,36-45
509,Customer_509,customer509@email.com,Germany,2022-12-20,36-45
510,Customer_510,customer510@email.com,Canada,2022-11-18,46-55
511,Customer_511,customer511@email.com,Canada,2023-03-23,46-55
512,Customer_512,customer512@email.com,UK,2023-09-13,36-45
513,Customer_513,customer513@email.com,Germany,2023-06-08,56+
514,Customer_514,customer514@email.com,Australia,2022-04-29,18-25
515,Customer_515,customer515@email.com,USA,2023-01-30,26-35
516,Customer_516,customer516@email.com,USA,2023-08-14,18-25
517,Customer_517,customer517@email.com,USA,2022-07-14,36-45
518,Customer_518,customer518@email.com,Australia,2022-09-18,46-55
519,Customer_519,customer519@email.com,Germany,2022-02-15,26-35
520,Customer_520,customer520@email.com,USA,2023-12-27,56+
521,Customer_521,customer521@email.com,UK,2023-03-23,18-25
522,Customer_522,customer522@email.com,USA,2022-01-02,56+
523,Customer_523,customer523@email.com,Germany,2023-06-17,26-35
524,Customer_524,customer524@email.com,Australia,2023-07-06,18-25
525,Customer_525,customer525@email.com,Australia,2023-12-05,26-35
526,Customer_526,customer526@email.com,UK,2023-11-18,26-35
527,Customer_527,customer527@email.com,UK,2022-07-21,26-35
528,Customer_528,customer528@email.com,USA,2023-01-08,26-35
529,Customer_529,customer529@email.com,USA,2023-03-18,46-55
530,Customer_530,customer530@email.com,Australia,2022-03-13,36-45
531,Customer_531,customer531@email.com,Australia,2023-11-12,26-35
532,Customer_532,customer532@email.com,Germany,2022-12-05,36-45
533,Customer_533,customer533@email.com,Germany,2023-10-01,36-45
534,Customer_534,customer534@email.com,UK,2022-11-18,26-35
535,Customer_535,customer535@email.com,Australia,2023-11-11,26-35
536,Customer_536,customer536@email.com,Germany,2022-05-08,18-25
537,Customer_537,customer537@email.com,Australia,2022-11-04,26-35
538,Customer_538,customer538@email.com,USA,2023-06-04,36-45
539,Customer_539,customer539@email.com,UK,2022-11-13,26-35
540,Customer_540,customer540@email.com,USA,2023-11-14,36-45
541,Customer_541,customer541@email.com,Germany,2023-02-23,36-45
542,Customer_542,customer542@email.com,Canada,2022-12-01,18-25
543,Customer_543,customer543@email.com,USA,2023-02-17,36-45
544,Customer_544,customer544@email.com,Canada,2023-12-15,26-35
545,Customer_545,customer545@email.com,Canada,2022-10-30,56+
546,Customer_546,customer546@email.com,USA,2023-07-22,26-35
547,Customer_547,customer547@email.com,USA,2022-05-11,46-55
548,Customer_548,customer548@email.com,Canada,2022-07-16,36-45
549,Customer_549,customer549@email.com,UK,2023-03-07,18-25
550,Customer_550,customer550@email.com,Australia,2023-11-12,36-45
551,Customer_551,customer551@email.com,UK,2023-01-24,56+
552,Customer_552,customer552@email.com,Australia,2023-11-25,36-45
553,Customer_553,customer553@email.com,UK,2022-06-28,46-55
554,Customer_554,customer554@email.com,UK,2023-09-23,46-55
555,Customer_555,customer555@email.com,Australia,2023-08-06,26-35
556,Customer_556,customer556@email.com,UK,2022-11-05,26-35
557,Customer_557,customer557@email.com,USA,2023-02-20,36-45
558,Customer_558,customer558@email.com,USA,2023-07-16,26-35
559,Customer_559,customer559@email.com,Australia,2022-01-01,46-55
560,Customer_560,customer560@email.com,Canada,2022-11-08,56+
561,Customer_561,customer561@email.com,Canada,2022-10-21,26-35
562,Customer_562,customer562@email.com,USA,2022-08-04,26-35
563,Customer_563,customer563@email.com,USA,2023-03-17,46-55
564,Customer_564,customer564@email.com,USA,2023-08-17,26-35
565,Customer_565,customer565@email.com,USA,2023-09-14,46-55
566,Customer_566,customer566@email.com,UK,2023-11-02,26-35
567,Customer_567,customer567@email.com,USA,2022-11-26,36-45
568,Customer_568,customer568@email.com,UK,2023-04-22,18-25
569,Customer_569,customer569@email.com,Germany,2023-03-29,36-45
570,Customer_570,customer570@email.com,USA,2023-03-29,26-35
571,Customer_571,customer571@email.com,UK,2023-11-23,36-45
572,Customer_572,customer572@email.com,Australia,2022-08-07,26-35
573,Customer_573,customer573@email.com,USA,2023-06-08,36-45
574,Customer_574,customer574@email.com,Canada,2023-04-30,46-55
575,Customer_575,customer575@email.com,Australia,2022-06-23,26-35
576,Customer_576,customer576@email.com,Germany,2023-11-06,18-25
577,Customer_577,customer577@email.com,USA,2022-03-28,18-25
578,Customer_578,customer578@email.com,Germany,2022-10-18,36-45
579,Customer_579,customer579@email.com,UK,2023-06-12,36-45
580,Customer_580,customer580@email.com,USA,2023-11-11,36-45
581,Customer_581,customer581@email.com,UK,2023-10-11,26-35
582,Customer_582,customer582@email.com,Germany,2023-09-27,26-35
583,Customer_583,customer583@email.com,UK,2022-12-10,36-45
584,Customer_584,customer584@email.com,USA,2022-04-06,26-35
585,Customer_585,customer585@email.com,Canada,2022-08-29,56+
586,Customer_586,customer586@email.com,USA,2023-11-20,18-25
587,Customer_587,customer587@email.com,USA,2022-11-14,36-45
588,Customer_588,customer588@email.com,USA,2022-08-19,26-35
589,Customer_589,customer589@email.com,USA,2022-07-23,26-35
590,Customer_590,customer590@email.com,USA,2022-05-31,36-45
591,Customer_591,customer591@email.com,USA,2022-01-26,36-45
592,Customer_592,customer592@email.com,Canada,2022-02-17,56+
593,Customer_593,customer593@email.com,USA,2022-09-08,18-25
594,Customer_594,customer594@email.com,USA,2023-05-02,18-25
595,Customer_595,customer595@email.com,Australia,2023-09-18,36-45
596,Customer_596,customer596@email.com,UK,2022-03-16,36-45
597,Customer_597,customer597@email.com,Canada,2023-04-12,26-35
598,Customer_598,customer598@email.com,USA,2023-03-01,18-25
599,Customer_599,customer599@email.com,USA,2023-10-07,18-25
600,Customer_600,customer600@email.com,USA,2023-08-13,46-55
601,Customer_601,customer601@email.com,USA,2022-07-19,26-35
602,Customer_602,customer602@email.com,USA,2023-12-15,26-35
603,Customer_603,customer603@email.com,USA,2023-01-29,26-35
604,Customer_604,customer604@email.com,USA,2023-05-22,26-35
605,Customer_605,customer605@email.com,USA,2023-02-14,18-25
606,Customer_606,customer606@email.com,UK,2022-09-07,36-45
607,Customer_607,customer607@email.com,USA,2022-06-01,18-25
608,Customer_608,customer608@email.com,USA,2023-11-03,46-55
609,Customer_609,customer609@email.com,UK,2023-12-06,26-35
610,Customer_610,customer610@email.com,Canada,2022-01-06,36-45
611,Customer_611,customer611@email.com,USA,2022-04-20,46-55
612,Customer_612,customer612@email.com,Australia,2023-03-12,36-45
613,Customer_613,customer613@email.com,Canada,2022-08-13,36-45
614,Customer_614,customer614@email.com,USA,2022-06-30,26-35
615,Customer_615,customer615@email.com,Australia,2023-12-14,26-35
616,Customer_616,customer616@email.com,Germany,2023-06-15,36-45
617,Customer_617,customer617@email.com,USA,2023-04-21,56+
618,Customer_618,customer618@email.com,USA,2022-02-21,36-45
619,Customer_619,customer619@email.com,Australia,2023-07-25,36-45
620,Customer_620,customer620@email.com,Canada,2022-09-13,36-45
621,Customer_621,customer621@email.com,USA,2022-05-05,26-35
622,Customer_622,customer622@email.com,USA,2023-04-13,18-25
623,Customer_623,customer623@email.com,USA,2022-05-17,36-45
624,Customer_624,customer624@email.com,UK,2023-04-21,56+
625,Customer_625,customer625@email.com,Canada,2023-11-15,26-35
626,Customer_626,customer626@email.com,USA,2023-06-28,36-45
627,Customer_627,customer627@email.com,UK,2023-07-27,26-35
628,Customer_628,customer628@email.com,Canada,2023-09-02,36-45
629,Customer_629,customer629@email.com,USA,2022-11-21,18-25
630,Customer_630,customer630@email.com,USA,2023-03-30,26-35
631,Customer_631,customer631@email.com,Canada,2023-09-20,46-55
632,Customer_632,customer632@email.com,Australia,2023-06-01,26-35
633,Customer_633,customer633@email.com,UK,2023-03-13,36-45
634,Customer_634,customer634@email.com,UK,2023-07-16,46-55
635,Customer_635,customer635@email.com,USA,2023-04-02,56+
636,Customer_636,customer636@email.com,UK,2022-06-12,26-35
637,Customer_637,customer637@email.com,UK,2023-05-02,26-35
638,Customer_638,customer638@email.com,USA,2023-04-06,26-35
639,Customer_639,customer639@email.com,USA,2022-09-23,56+
640,Customer_640,customer640@email.com,USA,2022-09-11,56+
641,Customer_641,customer641@email.com,USA,2023-10-15,36-45
642,Customer_642,customer642@email.com,USA,2022-10-11,46-55
643,Customer_643,customer643@email.com,USA,2023-06-18,36-45
644,Customer_644,customer644@email.com,USA,2023-05-12,36-45
645,Customer_645,customer645@email.com,USA,2023-10-04,18-25
646,Customer_646,customer646@email.com,Australia,2022-09-02,46-55
647,Customer_647,customer647@email.com,UK,2022-10-09,18-25
648,Customer_648,customer648@email.com,Canada,2023-03-27,46-55
649,Customer_649,customer649@email.com,Australia,2022-03-21,46-55
650,Customer_650,customer650@email.com,UK,2024-01-01,36-45
651,Customer_651,customer651@email.com,USA,2022-10-20,18-25
652,Customer_652,customer652@email.com,UK,2022-08-29,26-35
653,Customer_653,customer653@email.com,UK,2022-10-06,26-35
654,Customer_654,customer654@email.com,Canada,2022-12-10,26-35
655,Customer_655,customer655@email.com,UK,2022-11-24,18-25
656,Customer_656,customer656@email.com,USA,2023-07-08,56+
657,Customer_657,customer657@email.com,USA,2022-03-24,36-45
658,Customer_658,customer658@email.com,USA,2022-05-22,26-35
659,Customer_659,customer659@email.com,Canada,2022-06-04,26-35
660,Customer_660,customer660@email.com,UK,2022-08-25,26-35
661,Customer_661,customer661@email.com,USA,2023-01-28,36-45
662,Customer_662,customer662@email.com,Germany,2023-12-12,36-45
663,Customer_663,customer663@email.com,Canada,2022-06-06,56+
664,Customer_664,customer664@email.com,USA,2023-12-25,26-35
665,Customer_665,customer665@email.com,USA,2022-08-08,56+
666,Customer_666,customer666@email.com,USA,2022-03-07,46-55
667,Customer_667,customer667@email.com,USA,2023-03-01,26-35
668,Customer_668,customer668@email.com,USA,2023-02-22,56+
669,Customer_669,customer669@email.com,USA,2022-12-05,18-25
670,Customer_670,customer670@email.com,USA,2023-07-10,46-55
671,Customer_671,customer671@email.com,USA,2023-04-23,26-35
672,Customer_672,customer672@email.com,Australia,2023-03-02,46-55
673,Customer_673,customer673@email.com,USA,2022-03-05,46-55
674,Customer_674,customer674@email.com,UK,2022-07-31,46-55
675,Customer_675,customer675@email.com,UK,2023-03-07,46-55
676,Customer_676,customer676@email.com,Germany,2023-02-03,26-35
677,Customer_677,customer677@email.com,USA,2023-08-22,18-25
678,Customer_678,customer678@email.com,USA,2023-12-14,26-35
679,Customer_679,customer679@email.com,Germany,2022-01-21,26-35
680,Customer_680,customer680@email.com,Australia,2023-08-13,36-45
681,Customer_681,customer681@email.com,Australia,2023-01-25,26-35
682,Customer_682,customer682@email.com,USA,2023-05-04,56+
683,Customer_683,customer683@email.com,USA,2022-01-07,36-45
684,Customer_684,customer684@email.com,Canada,2022-12-27,46-55
685,Customer_685,customer685@email.com,Germany,2022-11-02,18-25
686,Customer_686,customer686@email.com,UK,2023-02-04,46-55
687,Customer_687,customer687@email.com,UK,2023-03-06,56+
688,Customer_688,customer688@email.com,USA,2023-07-06,26-35
689,Customer_689,customer689@email.com,Australia,2023-07-14,36-45
690,Customer_690,customer690@email.com,USA,2023-09-10,46-55
691,Customer_691,customer691@email.com,USA,2022-08-14,26-35
692,Customer_692,customer692@email.com,UK,2023-05-15,36-45
693,Customer_693,customer693@email.com,UK,2022-08-13,26-35
694,Customer_694,customer694@email.com,USA,2022-10-07,18-25
695,Customer_695,customer695@email.com,USA,2023-03-23,26-35
696,Customer_696,customer696@email.com,Canada,2023-05-13,18-25
697,Customer_697,customer697@email.com,USA,2022-01-30,18-25
698,Customer_698,customer698@email.com,UK,2023-02-03,18-25
699,Customer_699,customer699@email.com,USA,2022-12-11,56+
700,Customer_700,customer700@email.com,UK,2023-11-16,36-45
701,Customer_701,customer701@email.com,UK,2023-11-27,56+
702,Customer_702,customer702@email.com,USA,2023-02-19,26-35
703,Customer_703,customer703@email.com,USA,2022-06-19,26-35
704,Customer_704,customer704@email.com,USA,2023-04-24,36-45
705,Customer_705,customer705@email.com,USA,2022-05-11,26-35
706,Customer_706,customer706@email.com,Germany,2023-09-30,18-25
707,Customer_707,customer707@email.com,USA,2023-07-01,36-45
708,Customer_708,customer708@email.com,Australia,2022-01-28,26-35
709,Customer_709,customer709@email.com,USA,2023-02-08,36-45
710,Customer_710,customer710@email.com,Canada,2023-08-30,36-45
711,Customer_711,customer711@email.com,Australia,2023-08-01,26-35
712,Customer_712,customer712@email.com,UK,2023-11-10,18-25
713,Customer_713,customer713@email.com,UK,2022-01-28,46-55
714,Customer_714,customer714@email.com,UK,2022-03-27,26-35
715,Customer_715,customer715@email.com,USA,2023-10-21,18-25
716,Customer_716,customer716@email.com,Germany,2023-03-15,56+
717,Customer_717,customer717@email.com,Australia,2022-05-19,18-25
718,Customer_718,customer718@email.com,Germany,2023-04-18,36-45
719,Customer_719,customer719@email.com,USA,2022-07-06,56+
720,Customer_720,customer720@email.com,Canada,2022-02-21,26-35
721,Customer_721,customer721@email.com,Germany,2022-09-24,18-25
722,Customer_722,customer722@email.com,USA,2023-01-24,18-25
723,Customer_723,customer723@email.com,USA,2022-12-02,26-35
724,Customer_724,customer724@email.com,Canada,2022-08-05,18-25
725,Customer_725,customer725@email.com,UK,2023-04-11,36-45
726,Customer_726,customer726@email.com,Australia,2022-12-01,18-25
727,Customer_727,customer727@email.com,USA,2022-12-12,36-45
728,Customer_728,customer728@email.com,Australia,2023-01-24,56+
729,Customer_729,customer729@email.com,USA,2022-10-12,46-55
730,Customer_730,customer730@email.com,USA,2023-03-08,36-45
731,Customer_731,customer731@email.com,USA,2022-09-16,26-35
732,Customer_732,customer732@email.com,Australia,2022-03-25,36-45
733,Customer_733,customer733@email.com,Canada,2023-04-27,36-45
734,Customer_734,customer734@email.com,UK,2022-01-20,26-35
735,Customer_735,customer735@email.com,USA,2023-07-07,18-25
736,Customer_736,customer736@email.com,Australia,2022-02-23,46-55
737,Customer_737,customer737@email.com,USA,2022-12-25,26-35
738,Customer_738,customer738@email.com,Australia,2022-08-18,26-35
739,Customer_739,customer739@email.com,UK,2023-10-28,26-35
740,Customer_740,customer740@email.com,USA,2022-03-12,26-35
741,Customer_741,customer741@email.com,UK,2023-10-30,46-55
742,Customer_742,customer742@email.com,USA,2022-02-11,36-45
743,Customer_743,customer743@email.com,Canada,2022-02-01,46-55
744,Customer_744,customer744@email.com,UK,2022-09-11,18-25
745,Customer_745,customer745@email.com,USA,2022-07-24,26-35
746,Customer_746,customer746@email.com,Australia,2022-01-21,26-35
747,Customer_747,customer747@email.com,USA,2023-09-29,18-25
748,Customer_748,customer748@email.com,UK,2022-06-06,26-35
749,Customer_749,customer749@email.com,Germany,2022-09-02,46-55
750,Customer_750,customer750@email.com,Canada,2022-05-10,18-25
751,Customer_751,customer751@email.com,USA,2023-04-30,36-45
752,Customer_752,customer752@email.com,Germany,2023-11-17,26-35
753,Customer_753,customer753@email.com,Canada,2022-04-28,18-25
754,Customer_754,customer754@email.com,USA,2023-08-01,26-35
755,Customer_755,customer755@email.com,USA,2022-08-12,56+
756,Customer_756,customer756@email.com,Australia,2023-04-22,46-55
757,Customer_757,customer757@email.com,Canada,2023-12-18,56+
758,Customer_758,customer758@email.com,UK,2022-09-20,26-35
759,Customer_759,customer759@email.com,Australia,2023-01-13,18-25
760,Customer_760,customer760@email.com,Australia,2022-06-21,36-45
761,Customer_761,customer761@email.com,USA,2023-09-13,26-35
762,Customer_762,customer762@email.com,USA,2023-09-14,46-55
763,Customer_763,customer763@email.com,USA,2022-04-28,18-25
764,Customer_764,customer764@email.com,Canada,2022-06-17,26-35
765,Customer_765,customer765@email.com,USA,2022-11-15,26-35
766,Customer_766,customer766@email.com,UK,2022-04-21,26-35
767,Customer_767,customer767@email.com,Australia,2023-08-16,36-45
768,Customer_768,customer768@email.com,Australia,2022-01-27,26-35
769,Customer_769,customer769@email.com,USA,2022-11-16,26-35
770,Customer_770,customer770@email.com,Australia,2023-08-13,26-35
771,Customer_771,customer771@email.com,USA,2023-11-25,26-35
772,Customer_772,customer772@email.com,Australia,2023-01-20,46-55
773,Customer_773,customer773@email.com,USA,2023-02-11,46-55
774,Customer_774,customer774@email.com,USA,2022-07-23,56+
775,Customer_775,customer775@email.com,Australia,2022-03-19,46-55
776,Customer_776,customer776@email.com,USA,2023-08-30,26-35
777,Customer_777,customer777@email.com,USA,2023-12-09,36-45
778,Customer_778,customer778@email.com,Canada,2023-10-05,26-35
779,Customer_779,customer779@email.com,Canada,2022-09-06,26-35
780,Customer_780,customer780@email.com,Canada,2022-04-15,46-55
781,Customer_781,customer781@email.com,Canada,2023-12-15,18-25
782,Customer_782,customer782@email.com,UK,2022-11-05,56+
783,Customer_783,customer783@email.com,USA,2023-12-02,26-35
784,Customer_784,customer784@email.com,USA,2023-09-07,36-45
785,Customer_785,customer785@email.com,USA,2022-05-04,36-45
786,Customer_786,customer786@email.com,Germany,2023-08-03,46-55
787,Customer_787,customer787@email.com,UK,2022-02-12,36-45
788,Customer_788,customer788@email.com,UK,2022-12-22,36-45
789,Customer_789,customer789@email.com,UK,2023-06-30,18-25
790,Customer_790,customer790@email.com,Germany,2023-03-15,36-45
791,Customer_791,customer791@email.com,USA,2023-11-09,26-35
792,Customer_792,customer792@email.com,UK,2023-01-15,36-45
793,Customer_793,customer793@email.com,UK,2022-03-12,36-45
794,Customer_794,customer794@email.com,Canada,2023-06-03,36-45
795,Customer_795,customer795@email.com,USA,2023-10-26,18-25
796,Customer_796,customer796@email.com,Australia,2022-12-16,18-25
797,Customer_797,customer797@email.com,Germany,2022-01-13,36-45
798,Customer_798,customer798@email.com,UK,2023-03-07,18-25
799,Customer_799,customer799@email.com,Canada,2023-05-17,18-25
800,Customer_800,customer800@email.com,Germany,2022-04-19,18-25
801,Customer_801,customer801@email.com,Canada,2023-03-20,56+
802,Customer_802,customer802@email.com,USA,2023-01-06,36-45
803,Customer_803,customer803@email.com,UK,2023-10-13,26-35
804,Customer_804,customer804@email.com,Canada,2023-04-16,26-35
805,Customer_805,customer805@email.com,UK,2023-12-26,26-35
806,Customer_806,customer806@email.com,Canada,2022-06-06,46-55
807,Customer_807,customer807@email.com,Germany,2023-03-22,36-45
808,Customer_808,customer808@email.com,Germany,2022-06-30,26-35
809,Customer_809,customer809@email.com,UK,2023-06-19,26-35
810,Customer_810,customer810@email.com,USA,2023-10-29,18-25
811,Customer_811,customer811@email.com,Germany,2022-10-04,36-45
812,Customer_812,customer812@email.com,Australia,2023-09-23,46-55
813,Customer_813,customer813@email.com,USA,2023-07-06,26-35
814,Customer_814,customer814@email.com,Germany,2023-05-11,18-25
815,Customer_815,customer815@email.com,Australia,2023-04-22,18-25
816,Customer_816,customer816@email.com,UK,2023-03-23,56+
817,Customer_817,customer817@email.com,UK,2023-08-30,26-35
818,Customer_818,customer818@email.com,USA,2022-10-02,46-55
819,Customer_819,customer819@email.com,USA,2022-11-27,36-45
820,Customer_820,customer820@email.com,USA,2022-09-09,26-35
821,Customer_821,customer821@email.com,Australia,2022-03-30,26-35
822,Customer_822,customer822@email.com,USA,2022-10-13,18-25
823,Customer_823,customer823@email.com,USA,2023-04-07,36-45
824,Customer_824,customer824@email.com,USA,2022-09-07,46-55
825,Customer_825,customer825@email.com,UK,2023-04-21,36-45
826,Customer_826,customer826@email.com,Germany,2023-08-07,36-45
827,Customer_827,customer827@email.com,USA,2023-09-17,18-25
828,Customer_828,customer828@email.com,USA,2023-11-16,56+
829,Customer_829,customer829@email.com,Canada,2023-01-24,46-55
830,Customer_830,customer830@email.com,UK,2022-12-11,26-35
831,Customer_831,customer831@email.com,USA,2022-01-30,56+
832,Customer_832,customer832@email.com,UK,2023-05-22,36-45
833,Customer_833,customer833@email.com,USA,2022-11-29,36-45
834,Customer_834,customer834@email.com,USA,2022-07-06,36-45
835,Customer_835,customer835@email.com,UK,2023-05-15,46-55
836,Customer_836,customer836@email.com,UK,2022-08-06,36-45
837,Customer_837,customer837@email.com,Germany,2022-12-30,18-25
838,Customer_838,customer838@email.com,USA,2022-09-22,26-35
839,Customer_839,customer839@email.com,UK,2022-12-15,56+
840,Customer_840,customer840@email.com,Canada,2022-10-14,26-35
841,Customer_841,customer841@email.com,USA,2023-09-03,26-35
842,Customer_842,customer842@email.com,Canada,2023-12-20,26-35
843,Customer_843,customer843@email.com,USA,2022-10-10,26-35
844,Customer_844,customer844@email.com,Germany,2023-07-24,36-45
845,Customer_845,customer845@email.com,USA,2022-01-11,56+
846,Customer_846,customer846@email.com,UK,2023-06-14,26-35
847,Customer_847,customer847@email.com,USA,2022-07-15,18-25
848,Customer_848,customer848@email.com,Germany,2022-03-29,26-35
849,Customer_849,customer849@email.com,UK,2022-09-05,46-55
850,Customer_850,customer850@email.com,UK,2023-02-21,36-45
851,Customer_851,customer851@email.com,USA,2023-05-16,26-35
852,Customer_852,customer852@email.com,Canada,2023-07-23,46-55
853,Customer_853,customer853@email.com,USA,2022-09-04,46-55
854,Customer_854,customer854@email.com,Australia,2023-12-09,46-55
855,Customer_855,customer855@email.com,USA,2023-05-03,56+
856,Customer_856,customer856@email.com,USA,2023-10-24,26-35
857,Customer_857,customer857@email.com,USA,2023-12-30,46-55
858,Customer_858,customer858@email.com,UK,2023-05-18,26-35
859,Customer_859,customer859@email.com,UK,2023-04-04,46-55
860,Customer_860,customer860@email.com,USA,2022-01-18,36-45
861,Customer_861,customer861@email.com,Australia,2022-04-06,46-55
862,Customer_862,customer862@email.com,UK,2022-10-29,36-45
863,Customer_863,customer863@email.com,UK,2022-08-15,26-35
864,Customer_864,customer864@email.com,UK,2023-02-19,36-45
865,Customer_865,customer865@email.com,UK,2023-12-10,56+
866,Customer_866,customer866@email.com,UK,2022-09-07,56+
867,Customer_867,customer867@email.com,USA,2022-11-10,18-25
868,Customer_868,customer868@email.com,USA,2023-11-11,26-35
869,Customer_869,customer869@email.com,Australia,2023-08-19,18-25
870,Customer_870,customer870@email.com,Germany,2023-01-13,36-45
871,Customer_871,customer871@email.com,USA,2023-04-30,46-55
872,Customer_872,customer872@email.com,USA,2023-07-21,26-35
873,Customer_873,customer873@email.com,Canada,2023-06-28,36-45
874,Customer_874,customer874@email.com,UK,2022-12-19,46-55
875,Customer_875,customer875@email.com,USA,2023-03-12,36-45
876,Customer_876,customer876@email.com,USA,2023-07-18,36-45
877,Customer_877,customer877@email.com,Canada,2022-12-05,36-45
878,Customer_878,customer878@email.com,Canada,2022-12-27,36-45
879,Customer_879,customer879@email.com,USA,2023-12-21,26-35
880,Customer_880,customer880@email.com,USA,2023-04-10,36-45
881,Customer_881,customer881@email.com,USA,2022-10-05,36-45
882,Customer_882,customer882@email.com,Canada,2022-11-10,46-55
883,Customer_883,customer883@email.com,USA,2022-09-15,36-45
884,Customer_884,customer884@email.com,USA,2022-08-25,46-55
885,Customer_885,customer885@email.com,Australia,2022-05-04,26-35
886,Customer_886,customer886@email.com,USA,2022-07-17,26-35
887,Customer_887,customer887@email.com,Canada,2022-11-20,18-25
888,Customer_888,customer888@email.com,USA,2022-05-03,26-35
889,Customer_889,customer889@email.com,USA,2023-07-03,36-45
890,Customer_890,customer890@email.com,USA,2023-12-08,56+
891,Customer_891,customer891@email.com,Canada,2022-07-09,18-25
892,Customer_892,customer892@email.com,Australia,2022-07-16,26-35
893,Customer_893,customer893@email.com,Australia,2022-08-10,46-55
894,Customer_894,customer894@email.com,USA,2023-05-11,26-35
895,Customer_895,customer895@email.com,Canada,2022-10-11,36-45
896,Customer_896,customer896@email.com,USA,2023-08-27,36-45
897,Customer_897,customer897@email.com,USA,2023-06-22,36-45
898,Customer_898,customer898@email.com,Australia,2023-09-04,26-35
899,Customer_899,customer899@email.com,USA,2022-10-17,26-35
900,Customer_900,customer900@email.com,USA,2022-04-13,46-55
901,Customer_901,customer901@email.com,USA,2022-07-18,36-45
902,Customer_902,customer902@email.com,USA,2022-10-31,18-25
903,Customer_903,customer903@email.com,USA,2022-08-21,46-55
904,Customer_904,customer904@email.com,UK,2023-01-05,18-25
905,Customer_905,customer905@email.com,UK,2022-07-03,36-45
906,Customer_906,customer906@email.com,Australia,2022-11-06,26-35
907,Customer_907,customer907@email.com,Australia,2022-01-15,56+
908,Customer_908,customer908@email.com,USA,2023-12-27,26-35
909,Customer_909,customer909@email.com,USA,2023-07-01,26-35
910,Customer_910,customer910@email.com,USA,2022-05-10,18-25
911,Customer_911,customer911@email.com,UK,2022-10-08,26-35
912,Customer_912,customer912@email.com,USA,2022-02-16,46-55
913,Customer_913,customer913@email.com,Canada,2022-02-25,56+
914,Customer_914,customer914@email.com,UK,2023-07-21,26-35
915,Customer_915,customer915@email.com,UK,2022-10-27,26-35
916,Customer_916,customer916@email.com,UK,2023-12-16,36-45
917,Customer_917,customer917@email.com,USA,2022-05-10,46-55
918,Customer_918,customer918@email.com,Germany,2023-10-16,36-45
919,Customer_919,customer919@email.com,Australia,2023-05-18,26-35
920,Customer_920,customer920@email.com,USA,2022-04-16,26-35
921,Customer_921,customer921@email.com,Australia,2022-01-13,36-45
922,Customer_922,customer922@email.com,UK,2023-08-11,18-25
923,Customer_923,customer923@email.com,Australia,2022-10-19,36-45
924,Customer_924,customer924@email.com,Australia,2023-04-26,26-35
925,Customer_925,customer925@email.com,UK,2023-05-06,46-55
926,Customer_926,customer926@email.com,USA,2023-03-28,18-25
927,Customer_927,customer927@email.com,USA,2022-12-15,36-45
928,Customer_928,customer928@email.com,UK,2022-07-08,26-35
929,Customer_929,customer929@email.com,Canada,2022-02-22,36-45
930,Customer_930,customer930@email.com,USA,2022-09-16,18-25
931,Customer_931,customer931@email.com,USA,2023-05-05,36-45
932,Customer_932,customer932@email.com,Australia,2022-04-27,36-45
933,Customer_933,customer933@email.com,Germany,2022-03-08,36-45
934,Customer_934,customer934@email.com,UK,2023-02-15,36-45
935,Customer_935,customer935@email.com,USA,2023-05-19,36-45
936,Customer_936,customer936@email.com,USA,2022-03-17,46-55
937,Customer_937,customer937@email.com,USA,2023-08-14,26-35
938,Customer_938,customer938@email.com,Germany,2023-10-07,46-55
939,Customer_939,customer939@email.com,USA,2023-12-04,26-35
940,Customer_940,customer940@email.com,UK,2022-02-24,18-25
941,Customer_941,customer941@email.com,USA,2022-06-05,18-25
942,Customer_942,customer942@email.com,UK,2022-06-02,26-35
943,Customer_943,customer943@email.com,Canada,2023-07-31,46-55
944,Customer_944,customer944@email.com,Australia,2022-11-08,36-45
945,Customer_945,customer945@email.com,USA,2022-03-29,46-55
946,Customer_946,customer946@email.com,USA,2022-09-12,36-45
947,Customer_947,customer947@email.com,USA,2022-05-02,26-35
948,Customer_948,customer948@email.com,Germany,2023-07-26,18-25
949,Customer_949,customer949@email.com,Australia,2023-03-03,26-35
950,Customer_950,customer950@email.com,UK,2023-09-13,26-35
951,Customer_951,customer951@email.com,Canada,2023-09-03,18-25
952,Customer_952,customer952@email.com,Canada,2023-09-26,26-35
953,Customer_953,customer953@email.com,USA,2022-08-20,36-45
954,Customer_954,customer954@email.com,Germany,2023-06-20,36-45
955,Customer_955,customer955@email.com,UK,2023-01-25,56+
956,Customer_956,customer956@email.com,USA,2023-04-07,56+
957,Customer_957,customer957@email.com,UK,2023-03-30,36-45
958,Customer_958,customer958@email.com,USA,2022-11-01,26-35
959,Customer_959,customer959@email.com,USA,2023-08-26,36-45
960,Customer_960,customer960@email.com,Canada,2023-03-16,46-55
961,Customer_961,customer961@email.com,USA,2022-11-09,18-25
962,Customer_962,customer962@email.com,Canada,2023-08-06,26-35
963,Customer_963,customer963@email.com,USA,2023-09-28,46-55
964,Customer_964,customer964@email.com,USA,2022-03-03,26-35
965,Customer_965,customer965@email.com,USA,2023-09-17,36-45
966,Customer_966,customer966@email.com,USA,2022-04-12,36-45
967,Customer_967,customer967@email.com,Canada,2022-08-01,26-35
968,Customer_968,customer968@email.com,USA,2023-10-03,26-35
969,Customer_969,customer969@email.com,UK,2022-08-05,26-35
970,Customer_970,customer970@email.com,UK,2022-09-28,18-25
971,Customer_971,customer971@email.com,Canada,2023-11-08,18-25
972,Customer_972,customer972@email.com,Germany,2022-03-25,46-55
973,Customer_973,customer973@email.com,Canada,2022-06-10,26-35
974,Customer_974,customer974@email.com,USA,2022-09-03,36-45
975,Customer_975,customer975@email.com,USA,2022-06-27,26-35
976,Customer_976,customer976@email.com,USA,2023-07-20,56+
977,Customer_977,customer977@email.com,UK,2022-03-18,26-35
978,Customer_978,customer978@email.com,USA,2022-06-10,26-35
979,Customer_979,customer979@email.com,UK,2022-01-03,46-55
980,Customer_980,customer980@email.com,UK,2023-02-23,46-55
981,Customer_981,customer981@email.com,USA,2023-04-07,26-35
982,Customer_982,customer982@email.com,Australia,2023-12-07,46-55
983,Customer_983,customer983@email.com,USA,2023-09-01,26-35
984,Customer_984,customer984@email.com,USA,2023-04-27,26-35
985,Customer_985,customer985@email.com,Canada,2022-10-26,18-25
986,Customer_986,customer986@email.com,UK,2022-02-03,18-25
987,Customer_987,customer987@email.com,Canada,2022-08-26,36-45
988,Customer_988,customer988@email.com,UK,2022-10-23,26-35
989,Customer_989,customer989@email.com,USA,2023-12-25,26-35
990,Customer_990,customer990@email.com,Australia,2022-10-17,36-45
991,Customer_991,customer991@email.com,Australia,2023-12-21,46-55
992,Customer_992,customer992@email.com,Canada,2023-04-10,26-35
993,Customer_993,customer993@email.com,USA,2022-03-14,36-45
994,Customer_994,customer994@email.com,UK,2023-12-05,18-25
995,Customer_995,customer995@email.com,USA,2022-08-28,46-55
996,Customer_996,customer996@email.com,USA,2022-09-28,36-45
997,Customer_997,customer997@email.com,Germany,2023-10-03,56+
998,Customer_998,customer998@email.com,USA,2023-08-27,18-25
999,Customer_999,customer999@email.com,Germany,2023-11-09,18-25
1000,Customer_1000,customer1000@email.com,UK,2022-07-22,26-35
